"Name","Platform","Year","North America","Europe","Japan","Other","Global"
"Theme Park","PS","1994","0.24","0.16","0.13","0.04","0.57"
"Road Rash","PS","1995","0.71","0.48","0","0.08","1.27"
"Road & Track Presents: The Need for Speed","PS","1995","0.56","0.38","0","0.07","1"
"Extreme Pinball","PS","1995","0.18","0.12","0","0.02","0.32"
"PGA Tour 96","PS","1995","0.13","0.09","0","0.02","0.24"
"FIFA Soccer 96","PS","1995","0.09","0.06","0","0.01","0.16"
"Shockwave Assault","PS","1995","0.05","0.04","0","0.01","0.09"
"Viewpoint","PS","1995","0.04","0.03","0","0","0.07"
"Space Hulk: Vengeance of the Blood Angels","PS","1995","0.04","0.03","0","0","0.07"
"Hi-Octane: The Track Fights Back!","PS","1995","0.03","0.02","0","0","0.05"
"Magic Carpet","PS","1995","0.03","0.02","0","0","0.05"
"Psychic Detective","PS","1995","0.01","0","0","0","0.01"
"NASCAR 98","PS","1996","1.43","0.05","0","0.04","1.52"
"Madden NFL 97","PS","1996","0.73","0.5","0","0.09","1.32"
"Soviet Strike","PS","1996","0.65","0.44","0","0.08","1.17"
"NBA Live 97","PS","1996","0.55","0.38","0","0.07","1"
"Andretti Racing","PS","1996","0.43","0.29","0","0.05","0.77"
"NHL 97","PS","1996","0.26","0.18","0","0.03","0.47"
"Fade to Black","PS","1996","0.19","0.13","0","0.02","0.34"
"NBA Live 96","PS","1996","0.16","0.11","0.04","0.02","0.33"
"OverBlood","PS","1996","0.05","0.04","0.21","0.02","0.32"
"PGA Tour 97","PS","1996","0.16","0.11","0","0.02","0.29"
"FIFA Soccer 97","PS","1996","0.09","0.06","0","0.01","0.16"
"Wing Commander III: Heart of the Tiger","PS","1996","0.09","0.06","0","0.01","0.16"
"Crusader: No Remorse","PS","1996","0.03","0.02","0","0","0.05"
"Tiger Woods 99 PGA Tour Golf","PS","1997","0.85","0.58","0","0.1","1.53"
"Knockout Kings","PS","1997","1.07","0.39","0","0.06","1.52"
"NBA Live 98","PS","1997","1.41","0.06","0","0.04","1.51"
"Madden NFL 98","PS","1997","1.29","0.03","0","0.03","1.35"
"NBA Live 99","PS","1997","1.13","0.05","0","0.03","1.22"
"Test Drive 4","PS","1997","0.67","0.46","0","0.08","1.21"
"Nuclear Strike","PS","1997","0.66","0.45","0","0.08","1.19"
"Triple Play 98","PS","1997","0.61","0.42","0","0.07","1.1"
"NHL 99","PS","1997","0.59","0.4","0","0.07","1.07"
"The Lost World: Jurassic Park","PS","1997","0.57","0.39","0","0.07","1.02"
"NHL 98","PS","1997","0.51","0.35","0","0.06","0.92"
"Moto Racer","PS","1997","0.45","0.3","0","0.05","0.8"
"Battle Stations","PS","1997","0.43","0.29","0","0.05","0.78"
"FIFA: Road to World Cup 98","PS","1997","0.14","0.09","0.46","0.05","0.73"
"NCAA Football 98","PS","1997","0.39","0.27","0","0.05","0.7"
"Moto Racer 2","PS","1997","0.39","0.26","0","0.05","0.69"
"Diablo","PS","1997","0.29","0.19","0.07","0.04","0.58"
"WarCraft II: The Dark Saga","PS","1997","0.18","0.12","0","0.02","0.31"
"Future Cop L.A.P.D.","PS","1997","0.16","0.11","0","0.02","0.3"
"Syndicate Wars","PS","1997","0.02","0.01","0","0","0.04"
"Darklight Conflict","PS","1997","0.02","0.01","0","0","0.04"
"Need for Speed III: Hot Pursuit","PS","1998","2.14","0.86","0","0.13","3.12"
"Medal of Honor","PS","1998","1.44","1.09","0","0.14","2.67"
"FIFA 2000","PS","1998","0.22","1.47","0.04","0.14","1.87"
"Madden NFL 2000","PS","1998","1.68","0.04","0","0.04","1.75"
"Madden NFL 99","PS","1998","1.66","0.04","0","0.04","1.74"
"Sled Storm","PS","1998","0.9","0.61","0","0.11","1.62"
"NASCAR 99","PS","1998","1.45","0.04","0","0.04","1.52"
"NBA Live 2000","PS","1998","1.43","0.05","0","0.03","1.52"
"Road Rash 3D","PS","1998","1.05","0.16","0","0.04","1.25"
"WCW Mayhem","PS","1998","0.68","0.46","0","0.08","1.22"
"NCAA Football 99","PS","1998","0.59","0.4","0","0.07","1.06"
"NHL 2000","PS","1998","0.48","0.33","0","0.06","0.87"
"Street Sk8er","PS","1998","0.37","0.25","0","0.04","0.67"
"Tiger Woods PGA Tour 2000","PS","1998","0.37","0.25","0","0.04","0.66"
"Small Soldiers","PS","1998","0.34","0.23","0","0.04","0.61"
"Xena: Warrior Princess","PS","1998","0.33","0.23","0","0.04","0.6"
"CyberTiger","PS","1998","0.33","0.22","0","0.04","0.59"
"Warpath: Jurassic Park","PS","1998","0.15","0.1","0","0.02","0.28"
"Populous: The Beginning","PS","1998","0.05","0.04","0","0.01","0.09"
"Theme Hospital","PS","1998","0.03","0.02","0.03","0.01","0.09"
"Auto Destruct","PS","1998","0.04","0.03","0","0.01","0.08"
"Warhammer: Dark Omen","PS","1998","0.02","0.01","0","0","0.04"
"007: Tomorrow Never Dies","PS","1999","1.72","1.33","0","0.16","3.21"
"Need For Speed: High Stakes","PS","1999","1.58","0.64","0","0.09","2.31"
"NASCAR 2000","PS","1999","0.88","0.6","0","0.1","1.59"
"Triple Play 2000","PS","1999","0.79","0.54","0","0.09","1.43"
"Knockout Kings 2000","PS","1999","1.02","0.34","0","0.05","1.41"
"Hot Wheels Turbo Racing","PS","1999","0.59","0.4","0","0.07","1.07"
"NCAA Football 2000","PS","1999","0.53","0.36","0","0.06","0.95"
"Need for Speed: Porsche Unleashed","PS","1999","0.43","0.29","0","0.05","0.77"
"Sim Theme Park","PS","1999","0.35","0.24","0","0.04","0.63"
"Road Rash: Jailbreak","PS","1999","0.22","0.15","0","0.03","0.4"
"Championship Bass","PS","1999","0.18","0.12","0","0.02","0.32"
"Superbike 2000","PS","1999","0.15","0.1","0","0.02","0.27"
"NHL Rock the Rink","PS","1999","0.14","0.1","0","0.02","0.26"
"Dune 2000","PS","1999","0.14","0.09","0","0.02","0.25"
"Sports Car GT","PS","1999","0.12","0.08","0","0.01","0.22"
"WCW Backstage Assault","PS","1999","0.12","0.08","0","0.01","0.21"
"Madden NFL 2001","PS","2000","1.58","0.05","0","0.04","1.67"
"SSX","PS2","2000","0.78","0.61","0.06","0.2","1.66"
"Madden NFL 2001","PS2","2000","1.19","0.07","0.05","0.2","1.5"
"Triple Play 2001","PS","2000","0.74","0.5","0","0.09","1.33"
"NBA Live 2001","PS","2000","0.7","0.47","0","0.08","1.25"
"Medal of Honor: Underground","PS","2000","0.54","0.37","0","0.06","0.97"
"NHL 2001","PS2","2000","0.47","0.37","0","0.12","0.96"
"Kessen","PS2","2000","0.27","0.21","0.41","0.07","0.95"
"007: The World is not Enough","PS","2000","0.51","0.35","0","0.06","0.92"
"FIFA Soccer World Championship","PS2","2000","0.27","0.21","0.28","0.07","0.83"
"NASCAR 2001","PS","2000","0.45","0.31","0","0.05","0.81"
"NASCAR 2001","PS2","2000","0.34","0.27","0","0.09","0.7"
"NCAA Football 2001","PS","2000","0.39","0.26","0","0.05","0.7"
"NHL 2001","PS","2000","0.35","0.24","0","0.04","0.63"
"NASCAR Rumble","PS","2000","0.31","0.21","0","0.04","0.56"
"007 Racing","PS","2000","0.3","0.2","0","0.03","0.53"
"Swing Away Golf","PS2","2000","0.17","0.13","0.18","0.04","0.52"
"Theme Park Roller Coaster","PS2","2000","0.23","0.18","0","0.06","0.48"
"Knockout Kings 2001","PS","2000","0.23","0.15","0","0.03","0.41"
"FIFA 2001 Major League Soccer","PS","2000","0.18","0.12","0","0.02","0.32"
"F1 2000","PS","2000","0.14","0.09","0","0.02","0.25"
"Driving Emotion Type-S","PS2","2000","0.04","0.03","0.11","0.01","0.18"
"F1 Championship Season 2000","PS2","2000","0.06","0.05","0.03","0.02","0.16"
"Mobil 1 Rally Championship","PS","2000","0.07","0.04","0","0.01","0.12"
"FIFA 2001: Major League Soccer","PS2","2000","0","0","0.09","0","0.09"
"Harry Potter and the Sorcerer's Stone","PS","2001","1.37","2","0.14","0.22","3.73"
"The Simpsons: Road Rage","PS2","2001","2.02","1.17","0","0.42","3.61"
"James Bond 007: Agent Under Fire","PS2","2001","1.9","1.13","0.1","0.41","3.53"
"Madden NFL 2002","PS2","2001","2.5","0.16","0.01","0.42","3.08"
"NBA Street","PS2","2001","2.19","0.22","0","0.38","2.79"
"NBA Live 2002","PS2","2001","0.91","0.71","0","0.24","1.86"
"SSX Tricky","PS2","2001","0.85","0.66","0","0.22","1.73"
"NCAA Football 2002","PS2","2001","0.77","0.6","0","0.2","1.57"
"Simpsons Wrestling","PS","2001","0.23","1.16","0","0.11","1.51"
"Madden NFL 2002","PS","2001","0.78","0.53","0","0.09","1.39"
"NHL 2002","PS2","2001","0.59","0.46","0","0.15","1.2"
"NASCAR Thunder 2002","PS2","2001","0.57","0.44","0","0.15","1.16"
"NBA Live 2001","PS2","2001","0.52","0.4","0.04","0.13","1.1"
"Tiger Woods PGA Tour 2001","PS2","2001","0.36","0.28","0","0.09","0.74"
"Darkstone","PS","2001","0.37","0.25","0","0.04","0.66"
"FIFA Soccer 2002","PS2","2001","0.31","0.24","0","0.08","0.63"
"Knockout Kings 2001","PS2","2001","0.28","0.21","0","0.07","0.56"
"NBA Live 2002","PS","2001","0.29","0.19","0","0.03","0.52"
"NASCAR Thunder 2002","PS","2001","0.23","0.16","0","0.03","0.42"
"Quake III: Revolution","PS2","2001","0.1","0.08","0","0.03","0.21"
"Rumble Racing","PS2","2001","0.1","0.08","0","0.03","0.21"
"FIFA Soccer 2002","PS","2001","0.08","0.06","0","0.01","0.15"
"F1 2001","PS2","2001","0.07","0.06","0","0.02","0.15"
"LEGO Racers 2","PS2","2001","0.06","0.05","0","0.02","0.13"
"Medal of Honor: Frontline","PS2","2002","2.93","2.75","0.17","0.99","6.83"
"The Lord of the Rings: The Two Towers","PS2","2002","1.94","1.95","0.08","0.7","4.67"
"Madden NFL 2003","PS2","2002","3.36","0.21","0.01","0.56","4.14"
"FIFA Soccer 2003","PS2","2002","0.46","2.28","0.05","0.61","3.4"
"James Bond 007: Nightfire","PS2","2002","1.45","1.29","0.12","0.46","3.33"
"Harry Potter and the Chamber of Secrets","PS2","2002","0.9","1.22","0.04","0.44","2.61"
"Need for Speed: Hot Pursuit 2","PS2","2002","1.68","0.31","0.02","0.09","2.11"
"Harry Potter and the Chamber of Secrets","PS","2002","0.75","1.09","0.02","0.12","1.98"
"NBA Live 2003","PS2","2002","1.25","0.15","0.03","0.22","1.66"
"Tiger Woods PGA Tour 2003","PS2","2002","0.8","0.63","0","0.21","1.64"
"The Simpsons Skateboarding","PS2","2002","0.36","0.9","0","0.27","1.52"
"NCAA Football 2003","PS2","2002","1.16","0.08","0","0.19","1.44"
"Dead to Rights","PS2","2002","0.67","0.52","0","0.17","1.36"
"Ty the Tasmanian Tiger","PS2","2002","0.57","0.45","0","0.15","1.17"
"Freekstyle","PS2","2002","0.52","0.41","0","0.14","1.06"
"NHL 2003","PS2","2002","0.46","0.36","0","0.12","0.93"
"Knockout Kings 2002","PS2","2002","0.45","0.35","0","0.12","0.91"
"Tiger Woods PGA Tour 2002","PS2","2002","0.44","0.35","0","0.12","0.9"
"Triple Play 2002","PS2","2002","0.43","0.33","0","0.11","0.87"
"NCAA March Madness 2003","PS2","2002","0.32","0.25","0","0.08","0.66"
"2002 FIFA World Cup","PS2","2002","0.21","0.17","0.16","0.06","0.59"
"Sled Storm","PS2","2002","0.22","0.17","0","0.06","0.45"
"Disney Golf","PS2","2002","0.07","0.06","0.02","0.02","0.17"
"Pirates: The Legend of Black Kat","PS2","2002","0.07","0.05","0","0.02","0.14"
"The Operative: No One Lives Forever","PS2","2002","0.07","0.05","0","0.02","0.14"
"Drome Racers","PS2","2002","0.06","0.05","0","0.02","0.13"
"F1 2002","PS2","2002","0.05","0.04","0.02","0.01","0.12"
"Project FIFA World Cup","PS2","2002","0","0","0.1","0","0.1"
"Shox","PS2","2002","0.05","0.04","0","0.01","0.09"
"Island Xtreme Stunts","PS2","2002","0.04","0.03","0","0.01","0.09"
"LEGO Soccer Mania","PS2","2002","0.04","0.03","0","0.01","0.08"
"FIFA Soccer 2003 (weekly jp sales)","PS2","2002","0","0","0.04","0","0.04"
"Need for Speed Underground","PS2","2003","3.27","2.83","0.08","1.02","7.2"
"Final Fantasy X-2","PS2","2003","1.92","1.08","2.11","0.17","5.29"
"Medal of Honor: Rising Sun","PS2","2003","1.98","2.23","0.13","0.8","5.13"
"The Lord of the Rings: The Return of the King","PS2","2003","1.5","1.28","0.05","0.46","3.28"
"The Sims","PS2","2003","1.41","1.12","0","0.24","2.77"
"The Sims: Bustin' Out","PS2","2003","1.07","1.19","0","0.18","2.43"
"NBA Live 2004","PS2","2003","1.57","0.18","0","0.27","2.03"
"NBA Street Vol. 2","PS2","2003","1.69","0.2","0","0.06","1.95"
"Def Jam Vendetta","PS2","2003","0.95","0.74","0","0.25","1.94"
"SSX 3","PS2","2003","0.93","0.52","0","0.22","1.67"
"NCAA Football 2004","PS2","2003","1.35","0.09","0","0.23","1.67"
"Tiger Woods PGA Tour 2004","PS2","2003","1.18","0.34","0","0.1","1.63"
"NASCAR Thunder 2004","PS2","2003","0.53","0.41","0","0.14","1.08"
"MVP Baseball 2003","PS2","2003","0.51","0.4","0","0.13","1.04"
"NCAA March Madness 2004","PS2","2003","0.5","0.39","0","0.13","1.03"
"NHL 2004","PS2","2003","0.47","0.37","0","0.12","0.97"
"Harry Potter: Quidditch World Cup","PS2","2003","0.44","0.34","0","0.11","0.9"
"Freedom Fighters","PS2","2003","0.25","0.2","0","0.07","0.52"
"Spawn: Armageddon","PS2","2003","0.22","0.17","0","0.06","0.44"
"Bionicle","PS2","2003","0.21","0.17","0","0.06","0.43"
"Harry Potter and the Sorcerer's Stone","PS2","2003","0.14","0.11","0","0.04","0.28"
"Rugby 2004","PS2","2003","0.11","0.08","0","0.03","0.22"
"Mace Griffin: Bounty Hunter","PS2","2003","0.09","0.07","0","0.02","0.19"
"Aliens versus Predator: Extinction","PS2","2003","0.09","0.07","0","0.02","0.19"
"F1 Career Challenge","PS2","2003","0.05","0.04","0","0.01","0.1"
"Need for Speed Underground 2","PS2","2004","2.71","3.02","0.08","1.09","6.9"
"Madden NFL 2005","PS2","2004","4.18","0.26","0.01","0.08","4.53"
"FIFA Soccer 2005","PS2","2004","0.58","2.48","0.04","0.59","3.7"
"Burnout 3: Takedown","PS2","2004","1.23","1.11","0","0.34","2.68"
"NBA Live 2005","PS2","2004","2.03","0.21","0","0.35","2.59"
"James Bond 007: Everything or Nothing","PS2","2004","0.85","1.06","0.09","0.32","2.31"
"Def Jam: Fight for NY","PS2","2004","0.86","0.67","0","0.22","1.76"
"The Urbz: Sims in the City","PS2","2004","0.52","0.95","0","0.29","1.76"
"NCAA Football 2005","PS2","2004","1.32","0.09","0","0.22","1.62"
"NFL Street 2","PS2","2004","0.79","0.62","0","0.21","1.61"
"Fight Night 2004","PS2","2004","1.08","0.2","0","0.2","1.48"
"Tiger Woods PGA Tour 2005","PS2","2004","1.03","0.32","0","0.09","1.44"
"NFL Street","PS2","2004","1.15","0.08","0","0.19","1.42"
"NASCAR 2005: Chase for the Cup","PS2","2004","0.69","0.54","0","0.18","1.41"
"Samurai Warriors","PS2","2004","0.22","0.05","1.06","0.02","1.35"
"MVP Baseball 2004","PS2","2004","1.1","0.06","0","0.18","1.34"
"Harry Potter and the Prisoner of Azkaban","PS2","2004","0.5","0.39","0","0.13","1.02"
"GoldenEye: Rogue Agent","PS2","2004","0.54","0.02","0","0.09","0.64"
"The Lord of the Rings: The Third Age","PS2","2004","0.49","0.02","0","0.08","0.58"
"NCAA March Madness 2005","PS2","2004","0.44","0.02","0","0.07","0.53"
"Ty the Tasmanian Tiger 2: Bush Rescue","PS2","2004","0.26","0.2","0","0.07","0.53"
"NHL 2005","PS2","2004","0.22","0.17","0","0.06","0.45"
"Catwoman","PS2","2004","0.08","0.06","0","0.02","0.17"
"UEFA Euro 2004: Portugal","PS2","2004","0.07","0.05","0","0.02","0.14"
"Madden NFL 06","PS2","2005","3.98","0.26","0.01","0.66","4.91"
"Need for Speed: Most Wanted","PS2","2005","2.03","1.79","0.08","0.47","4.37"
"FIFA Soccer 06","PS2","2005","0.78","2.55","0.04","0.84","4.21"
"Medal of Honor: European Assault (All Region sales)","PS2","2005","0.89","0.69","0.09","0.21","1.88"
"NCAA Football 06","PS2","2005","1.53","0.05","0","0.25","1.84"
"NBA Live 06 (All region sales)","PS2","2005","1.44","0.15","0","0.05","1.64"
"MVP Baseball 2005","PS2","2005","1.26","0.07","0","0.21","1.54"
"NBA Live 06 (Weekly american sales)","PS2","2005","1.35","0.05","0","0.02","1.42"
"NBA Street V3","PS2","2005","0.52","0.41","0","0.14","1.06"
"Burnout Revenge","PS2","2005","0.75","0.03","0","0.12","0.9"
"Tiger Woods PGA Tour 06","PS2","2005","0.74","0.03","0","0.12","0.89"
"Fight Night Round 2","PS2","2005","0.72","0.03","0","0.12","0.87"
"The Sims 2","PS2","2005","0.67","0.03","0","0.11","0.81"
"Marvel Nemesis: Rise of the Imperfects","PS2","2005","0.64","0.02","0","0.1","0.77"
"Harry Potter and the Goblet of Fire","PS2","2005","0.54","0.02","0","0.09","0.65"
"NASCAR 06: Total Team Control","PS2","2005","0.53","0.02","0","0.09","0.63"
"NHL 06","PS2","2005","0.48","0.02","0","0.08","0.58"
"Batman Begins","PS2","2005","0.27","0.21","0","0.07","0.56"
"NCAA March Madness 06","PS2","2005","0.45","0.02","0","0.07","0.53"
"We Love Katamari","PS2","2005","0.26","0.2","0","0.07","0.52"
"SSX On Tour","PS2","2005","0.25","0.2","0","0.07","0.52"
"Battlefield 2: Modern Combat","PS2","2005","0.37","0.01","0","0.06","0.44"
"From Russia With Love","PS2","2005","0.34","0.01","0","0.06","0.41"
"FIFA Street","PS2","2005","0.15","0.12","0","0.04","0.31"
"TimeSplitters: Future Perfect","PS2","2005","0.12","0.09","0","0.03","0.24"
"Dead to Rights II","PS2","2005","0.1","0.08","0","0.03","0.2"
"Rugby 2005","PS2","2005","0.04","0.03","0","0.01","0.09"
"Medal of Honor: European Assault (weekly JP sales)","PS2","2005","0","0","0.05","0","0.05"
"Battlefield 2: Modern Combat(JP sales)","PS2","2005","0","0","0.02","0","0.02"
"Madden NFL 07","PS2","2006","3.63","0.24","0.01","0.61","4.49"
"FIFA Soccer 07","PS2","2006","0.71","2.48","0.03","0.89","4.11"
"NCAA Football 07","PS2","2006","1.41","0.05","0","0.23","1.7"
"Fight Night Round 3","PS3","2006","0.81","0.59","0.01","0.26","1.67"
"Fight Night Round 3","PS2","2006","1.07","0.4","0","0.1","1.56"
"Need for Speed Carbon","PS2","2006","1.22","0.05","0.05","0.01","1.34"
"NBA Live 07","PS2","2006","1.07","0.04","0.02","0.17","1.3"
"Need for Speed Carbon","PS3","2006","0.49","0.52","0.03","0.21","1.26"
"Black","PS2","2006","1.01","0.04","0.03","0.16","1.25"
"The Godfather","PS2","2006","0.89","0.03","0.01","0.15","1.09"
"MVP 06 NCAA Baseball","PS2","2006","0.62","0.02","0","0.1","0.75"
"Tiger Woods PGA Tour 07","PS2","2006","0.6","0.02","0","0.1","0.72"
"FIFA World Cup Germany 2006","PS2","2006","0.47","0.02","0","0.08","0.57"
"Arena Football","PS2","2006","0.28","0.22","0","0.07","0.56"
"Harry Potter Collection","PS2","2006","0.28","0.21","0","0.07","0.56"
"Madden NFL 07","PS3","2006","0.47","0","0.01","0.04","0.52"
"NHL 07","PS2","2006","0.42","0.02","0","0.07","0.51"
"Tiger Woods PGA Tour 07","PS3","2006","0.31","0.12","0","0.07","0.5"
"The Godfather (JP sales)","PS2","2006","0.39","0.02","0","0.06","0.47"
"NFL Head Coach","PS2","2006","0.38","0.01","0","0.06","0.45"
"FIFA Street 2","PS2","2006","0.17","0.13","0.02","0.04","0.37"
"The Sims 2: Pets","PS2","2006","0.02","0.01","0","0.27","0.3"
"Untold Legends: Dark Kingdom","PS3","2006","0.14","0.02","0.02","0.02","0.2"
"NASCAR 07","PS2","2006","0.06","0.04","0","0.01","0.11"
"Rugby 06","PS2","2006","0.02","0.02","0","0.01","0.05"
"FIFA Soccer 08","PS2","2007","0.68","0","0","2.46","3.14"
"Madden NFL 08","PS2","2007","2.14","0.08","0","0.35","2.57"
"Need for Speed: ProStreet","PS2","2007","0.69","0","0.04","1.68","2.41"
"Need for Speed: ProStreet","PS3","2007","0.73","0.92","0.04","0.37","2.05"
"FIFA Soccer 08","PS3","2007","0.35","1.07","0.02","0.32","1.76"
"The Simpsons Game","PS2","2007","0.35","0.03","0","1.13","1.51"
"Medal of Honor: Airborne","PS3","2007","0.25","0.7","0.03","0.25","1.23"
"The Orange Box","PS3","2007","0.28","0.59","0","0.22","1.08"
"Madden NFL 08","PS3","2007","0.89","0.01","0","0.08","0.97"
"The Simpsons Game","PS3","2007","0.38","0.37","0","0.15","0.91"
"NCAA Football 08","PS2","2007","0.65","0.03","0","0.11","0.79"
"Tiger Woods PGA Tour 08","PS3","2007","0.22","0.38","0","0.14","0.74"
"NBA Live 08","PS2","2007","0.59","0.02","0.01","0.1","0.72"
"NBA Live 08","PS3","2007","0.56","0.02","0.01","0.05","0.64"
"NCAA March Madness 07","PS2","2007","0.28","0.22","0","0.07","0.56"
"Def Jam Icon","PS3","2007","0.16","0.19","0","0.08","0.43"
"Tiger Woods PGA Tour 08","PS2","2007","0.19","0.15","0","0.05","0.39"
"Skate","PS3","2007","0.29","0.05","0","0.04","0.38"
"NCAA Football 08","PS3","2007","0.35","0","0","0.03","0.38"
"The Sims 2: Castaway","PS2","2007","0.3","0.01","0","0.05","0.37"
"The Godfather: Dons Edition","PS3","2007","0.25","0.02","0","0.03","0.29"
"Harry Potter and the Order of the Phoenix","PS2","2007","0.13","0.1","0","0.03","0.27"
"NCAA March Madness 08","PS2","2007","0.13","0.1","0","0.03","0.26"
"NHL 08","PS3","2007","0.16","0.06","0","0.03","0.25"
"Harry Potter and the Order of the Phoenix","PS3","2007","0.18","0.04","0","0.03","0.25"
"NASCAR 08","PS2","2007","0.12","0.09","0","0.03","0.24"
"NASCAR 08","PS3","2007","0.15","0.05","0","0.03","0.23"
"Boogie","PS2","2007","0.09","0.07","0","0.02","0.19"
"NBA Street Homecourt","PS3","2007","0.12","0.02","0","0.02","0.15"
"NCAA March Madness 08","PS3","2007","0.08","0","0","0.01","0.09"
"Rugby 08","PS2","2007","0.02","0.01","0","0","0.04"
"Medal of Honor: Vanguard","PS2","2007","0","0","0.03","0","0.03"
"FIFA Soccer 09","PS3","2008","0.48","1.63","0.04","0.43","2.59"
"FIFA Soccer 09","PS2","2008","0.38","0.07","0.01","1.82","2.28"
"Need For Speed: Undercover","PS3","2008","0.63","1.02","0.05","0.39","2.08"
"Dead Space","PS3","2008","1.05","0.67","0","0.3","2.02"
"Burnout Paradise","PS3","2008","1.01","0.64","0.02","0.3","1.97"
"Madden NFL 09","PS3","2008","1.56","0.15","0","0.18","1.89"
"Madden NFL 09","PS2","2008","1.22","0","0","0.27","1.49"
"Need For Speed: Undercover","PS2","2008","0.38","0.08","0.03","0.93","1.4"
"Battlefield: Bad Company","PS3","2008","0.76","0.36","0.05","0.18","1.35"
"Army of Two","PS3","2008","0.74","0.26","0.02","0.15","1.17"
"Mirror's Edge","PS3","2008","0.31","0.59","0.02","0.22","1.14"
"Mercenaries 2: World in Flames","PS3","2008","0.29","0.4","0.02","0.16","0.87"
"Tiger Woods PGA Tour 09","PS3","2008","0.34","0.22","0","0.1","0.66"
"NCAA Football 09","PS3","2008","0.54","0","0","0.04","0.58"
"Hasbro Family Game Night","PS2","2008","0.28","0.22","0","0.07","0.57"
"NASCAR 09","PS2","2008","0.26","0.2","0","0.07","0.53"
"NBA Live 09","PS3","2008","0.46","0","0.02","0.04","0.52"
"NCAA Football 09","PS2","2008","0.4","0.02","0","0.07","0.48"
"Monopoly","PS2","2008","0.21","0.16","0","0.05","0.43"
"UEFA Euro 2008 Austria-Switzerland","PS3","2008","0.08","0.27","0","0.06","0.41"
"NBA Live 09","PS2","2008","0.32","0.01","0.01","0.05","0.39"
"Mercenaries 2: World in Flames","PS2","2008","0.21","0","0","0.17","0.38"
"Tiger Woods PGA Tour 09","PS2","2008","0.16","0","0","0.21","0.37"
"Monopoly","PS3","2008","0.25","0.06","0","0.04","0.36"
"NHL 09","PS3","2008","0.29","0.02","0","0.03","0.34"
"FIFA Street 3","PS3","2008","0.08","0.18","0","0.06","0.33"
"UEFA Euro 2008 Austria-Switzerland","PS2","2008","0.03","0","0","0.28","0.32"
"NCAA Basketball 09","PS2","2008","0.14","0.11","0","0.04","0.28"
"NASCAR 09","PS3","2008","0.22","0.01","0","0.02","0.26"
"FaceBreaker","PS3","2008","0.13","0.03","0","0.02","0.17"
"NCAA Basketball 09","PS3","2008","0.15","0","0","0.01","0.17"
"NHL 09","PS2","2008","0.07","0.06","0","0.02","0.15"
"NFL Head Coach 09","PS3","2008","0.13","0","0","0.01","0.14"
"NFL Tour","PS3","2008","0.1","0.01","0","0.01","0.12"
"FIFA Soccer 10","PS3","2009","0.6","2.46","0.05","0.52","3.63"
"Need for Speed: Shift","PS3","2009","0.69","1.41","0.04","0.53","2.68"
"Madden NFL 10","PS3","2009","2.03","0.13","0","0.21","2.37"
"FIFA Soccer 10","PS2","2009","0.23","0.24","0","1.23","1.7"
"Dragon Age: Origins","PS3","2009","0.96","0.44","0.08","0.22","1.69"
"Fight Night Round 4","PS3","2009","0.92","0.41","0","0.21","1.53"
"Madden NFL 10","PS2","2009","0.88","0","0","0.1","0.98"
"Brutal Legend","PS3","2009","0.54","0.28","0","0.13","0.95"
"Skate 2","PS3","2009","0.46","0.26","0.01","0.12","0.85"
"NCAA Football 10","PS3","2009","0.75","0","0","0.06","0.81"
"Tiger Woods PGA Tour 10","PS3","2009","0.42","0.25","0","0.12","0.79"
"The Lord of the Rings: Conquest","PS3","2009","0.38","0.26","0","0.12","0.76"
"The Godfather II","PS3","2009","0.41","0.22","0.01","0.11","0.75"
"Harry Potter and the Half-Blood Prince","PS2","2009","0.13","0.07","0","0.44","0.64"
"NHL 10","PS3","2009","0.38","0.12","0","0.07","0.58"
"NCAA Football 10","PS2","2009","0.28","0.22","0","0.07","0.58"
"NBA Live 10","PS3","2009","0.46","0.03","0.01","0.05","0.54"
"The Saboteur","PS3","2009","0.2","0.22","0","0.08","0.5"
"Command & Conquer: Red Alert 3 Ultimate Edition","PS3","2009","0.14","0.17","0","0.06","0.37"
"Harry Potter and the Half-Blood Prince","PS3","2009","0.15","0.13","0","0.06","0.34"
"NCAA Basketball 10","PS3","2009","0.31","0","0","0.03","0.33"
"Trivial Pursuit","PS3","2009","0.12","0.12","0","0.05","0.29"
"Trivial Pursuit","PS2","2009","0.09","0.01","0","0.17","0.27"
"Tiger Woods PGA Tour 10","PS2","2009","0.12","0.01","0","0.13","0.26"
"G.I. Joe: The Rise of Cobra","PS3","2009","0.11","0.07","0","0.03","0.21"
"G.I. Joe: The Rise of Cobra","PS2","2009","0.11","0","0","0.03","0.14"
"Burnout Paradise: The Ultimate Box","PS3","2009","0","0.06","0.01","0.02","0.09"
"FIFA Soccer 11","PS3","2010","0.6","3.29","0.06","1.13","5.08"
"Battlefield: Bad Company 2","PS3","2010","1.33","1.12","0.08","0.45","2.97"
"Medal of Honor","PS3","2010","1.28","1.05","0.07","0.43","2.83"
"Need for Speed: Hot Pursuit","PS3","2010","1.05","1.25","0.03","0.48","2.81"
"Madden NFL 11","PS3","2010","2.04","0.15","0","0.19","2.38"
"Skate 3","PS3","2010","0.79","0.94","0","0.35","2.08"
"The Sims 3","PS3","2010","0.73","0.97","0.02","0.34","2.06"
"2010 FIFA World Cup South Africa","PS3","2010","0.3","0.64","0.07","0.22","1.23"
"Dante's Inferno","PS3","2010","0.64","0.28","0.04","0.13","1.09"
"EA Sports Active 2","PS3","2010","0.52","0.28","0","0.12","0.92"
"Army of Two: The 40th Day","PS3","2010","0.44","0.27","0.01","0.12","0.85"
"Tiger Woods PGA Tour 11","PS3","2010","0.37","0.34","0","0.13","0.84"
"NCAA Football 11","PS3","2010","0.79","0","0","0.06","0.84"
"FIFA Soccer 11","PS2","2010","0.11","0.29","0","0.36","0.76"
"NHL 11","PS3","2010","0.4","0.13","0","0.07","0.6"
"Madden NFL 11","PS2","2010","0.41","0.02","0","0.07","0.5"
"Harry Potter and the Deathly Hallows - Part 1","PS3","2010","0.13","0.21","0","0.08","0.42"
"Monopoly Streets","PS3","2010","0.16","0.18","0","0.07","0.41"
"NBA Jam","PS3","2010","0.22","0.12","0","0.06","0.4"
"NCAA Football 11","PS2","2010","0.19","0.15","0","0.05","0.38"
"EA Sports MMA","PS3","2010","0.16","0.15","0.01","0.06","0.38"
"Hasbro Family Game Night 3","PS3","2010","0.18","0.04","0","0.03","0.25"
"Create","PS3","2010","0.11","0.03","0","0.02","0.16"
"MySims SkyHeroes","PS3","2010","0.08","0.02","0","0.01","0.11"
"Battlefield 3","PS3","2011","2.85","2.93","0.35","1.1","7.23"
"FIFA 12","PS3","2011","0.84","4.32","0.11","1.42","6.69"
"Madden NFL 12","PS3","2011","1.93","0.15","0","0.17","2.25"
"Need for Speed: The Run","PS3","2011","0.58","1.06","0.03","0.37","2.04"
"Mass Effect 2","PS3","2011","0.78","0.47","0.03","0.2","1.48"
"Dead Space 2","PS3","2011","0.73","0.5","0","0.21","1.44"
"Crysis 2","PS3","2011","0.45","0.57","0.06","0.21","1.3"
"Fight Night Champion","PS3","2011","0.45","0.51","0","0.19","1.15"
"Tiger Woods PGA Tour 12: The Masters","PS3","2011","0.52","0.26","0","0.12","0.9"
"Dragon Age II","PS3","2011","0.4","0.27","0.05","0.12","0.84"
"NCAA Football 12","PS3","2011","0.78","0","0","0.05","0.83"
"Need for Speed: Shift 2 Unleashed","PS3","2011","0.2","0.36","0","0.13","0.69"
"Alice: Madness Returns","PS3","2011","0.22","0.25","0.04","0.09","0.6"
"NHL 12","PS3","2011","0.36","0.16","0","0.07","0.59"
"Bulletstorm","PS3","2011","0.23","0.2","0.01","0.08","0.53"
"Harry Potter and the Deathly Hallows - Part 2","PS3","2011","0.14","0.15","0","0.05","0.34"
"Shadows of the Damned","PS3","2011","0.11","0.09","0.04","0.04","0.28"
"Rango: The Video Game","PS3","2011","0.07","0.09","0","0.04","0.19"
"Family Game Night 4: The Game Show","PS3","2011","0.08","0.02","0","0.01","0.11"
"FIFA 12","PS2","2011","0","0.02","0","0.06","0.09"
"FIFA Soccer 13","PS3","2012","1.06","5.05","0.13","2.01","8.24"
"Need for Speed: Most Wanted","PS3","2012","0.71","1.51","0.06","0.61","2.89"
"Madden NFL 13","PS3","2012","2.11","0.23","0","0.22","2.56"
"Mass Effect 3","PS3","2012","0.63","0.59","0.03","0.21","1.46"
"Medal of Honor: Warfighter","PS3","2012","0.47","0.65","0.06","0.28","1.46"
"FIFA Street","PS3","2012","0.11","0.92","0","0.25","1.29"
"SSX","PS3","2012","0.35","0.42","0.02","0.14","0.93"
"NCAA Football 13","PS3","2012","0.82","0","0","0.06","0.87"
"Kingdoms of Amalur: Reckoning","PS3","2012","0.37","0.3","0.09","0.11","0.87"
"NHL 13","PS3","2012","0.33","0.22","0","0.1","0.65"
"Tiger Woods PGA Tour 13","PS3","2012","0.24","0.22","0","0.09","0.55"
"Mass Effect Trilogy","PS3","2012","0.37","0","0","0.04","0.41"
"Grand Slam Tennis 2","PS3","2012","0.09","0.11","0","0.04","0.24"
"Madden NFL 13","PS3","2012","0","0.01","0","0","0.01"
"FIFA 14","PS3","2013","0.78","4.32","0.07","1.73","6.9"
"Battlefield 4","PS3","2013","1.3","1.51","0.27","0.61","3.69"
"Battlefield 4","PS4","2013","1.34","1.54","0.17","0.38","3.43"
"FIFA 14","PS4","2013","0.61","1.85","0.11","0.33","2.9"
"Need for Speed Rivals","PS4","2013","0.73","0.91","0.03","0.22","1.89"
"Madden NFL 25","PS3","2013","1.59","0.03","0","0.15","1.77"
"Need for Speed Rivals","PS3","2013","0.33","0.74","0.05","0.31","1.44"
"Dead Space 3","PS3","2013","0.44","0.38","0","0.17","1"
"Crysis 3","PS3","2013","0.26","0.43","0.03","0.18","0.9"
"Madden NFL 25","PS4","2013","0.62","0.13","0","0.07","0.82"
"NCAA Football 14","PS3","2013","0.75","0","0","0.06","0.8"
"NHL 14","PS3","2013","0.28","0.19","0","0.09","0.57"
"Tiger Woods PGA Tour 14","PS3","2013","0.16","0.15","0","0.07","0.39"
"Army of Two: The Devil's Cartel","PS3","2013","0.11","0.11","0.01","0.05","0.28"
"NBA Live 14","PS4","2013","0.14","0.05","0","0.03","0.22"
"Fuse (Insomniac)","PS3","2013","0.06","0.04","0","0.02","0.12"
"FIFA 15","PS4","2014","0.79","4.29","0.05","1.47","6.59"
"FIFA 15","PS3","2014","0.57","3.14","0.04","1.07","4.82"
"Madden NFL 15","PS4","2014","1.53","0.25","0","0.25","2.03"
"Dragon Age: Inquisition","PS4","2014","0.72","0.86","0.08","0.32","1.97"
"Madden NFL 15","PS3","2014","1.07","0.15","0","0.19","1.41"
"EA Sports UFC","PS4","2014","0.46","0.4","0.01","0.17","1.04"
"Plants vs. Zombies: Garden Warfare","PS3","2014","0.22","0.4","0.01","0.14","0.76"
"2014 FIFA World Cup Brazil","PS3","2014","0.15","0.39","0.01","0.16","0.71"
"Dragon Age: Inquisition","PS3","2014","0.26","0.23","0.05","0.1","0.65"
"Plants vs. Zombies: Garden Warfare","PS4","2014","0.21","0.29","0.01","0.11","0.61"
"NHL 15","PS4","2014","0.3","0.18","0","0.1","0.58"
"NHL 15","PS3","2014","0.21","0.11","0","0.06","0.38"
"NBA Live 15","PS4","2014","0.15","0.04","0","0.04","0.23"
"FIFA 16","PS4","2015","1.11","6.06","0.06","1.26","8.49"
"Star Wars Battlefront (2015)","PS4","2015","2.93","3.29","0.22","1.23","7.67"
"Madden NFL 16","PS4","2015","2.33","0.3","0","0.59","3.22"
"FIFA 16","PS3","2015","0.4","1.98","0.05","0.42","2.85"
"Need for Speed (2015)","PS4","2015","0.49","1.49","0.05","0.36","2.39"
"Battlefield: Hardline","PS4","2015","0.7","0.93","0.14","0.32","2.09"
"Madden NFL 16","PS3","2015","0.56","0.11","0","0.15","0.82"
"NHL 16","PS4","2015","0.35","0.15","0","0.11","0.61"
"Rory McIlroy PGA Tour","PS4","2015","0.18","0.24","0","0.08","0.51"
"Battlefield: Hardline","PS3","2015","0.12","0.23","0.07","0.07","0.49"
"NBA Live 16","PS4","2015","0.1","0.04","0","0.03","0.17"
"NHL Legacy","PS3","2015","0.03","0","0","0.01","0.04"
"NHL 16","PS3","2015","0","0.03","0","0.01","0.04"
"FIFA 17","PS4","2016","0.28","3.75","0.06","0.69","4.77"
"Madden NFL 17","PS4","2016","0.92","0.08","0","0.23","1.23"
"EA Sports UFC 2","PS4","2016","0.28","0.47","0","0.14","0.89"
"Plants vs. Zombies: Garden Warfare 2","PS4","2016","0.17","0.21","0","0.07","0.45"
"FIFA 17","PS3","2016","0.02","0.29","0.01","0.05","0.38"
"Mirror's Edge Catalyst","PS4","2016","0.1","0.14","0.02","0.06","0.32"
"NHL 17","PS4","2016","0.13","0.04","0","0.04","0.2"
"Madden NFL 17","PS3","2016","0.05","0.01","0","0.01","0.08"
